num_nodes,num_keys,checkpoint,checkpoint_scan,checkpoint_network,checkpoint_verify,checkpoint_update
100,10000000,167.9668,11.38151,120.8603,13.692034,21.490934
100,10000000,168.01242,11.980168,120.54545,13.948188,20.851353
100,10000000,168.03926,11.435873,120.48526,13.658888,21.742275
100,10000000,168.04982,11.357578,120.167404,13.810255,21.97202
100,10000000,168.06334,11.962458,122.8619,13.579729,18.96168
100,10000000,168.06926,15.713743,115.97986,13.842867,21.818083
100,10000000,168.08209,14.1072645,117.24756,13.813075,22.217144
100,10000000,168.07603,11.431068,120.46139,13.645945,21.961391
100,10000000,168.09222,15.799113,115.56441,14.202544,21.79222
100,10000000,168.06705,12.0862465,119.266624,14.018881,21.970703
100,10000000,168.12006,10.880944,120.35156,13.676936,22.479172
100,10000000,168.13417,12.731927,118.50519,13.714303,22.580208
100,10000000,168.11964,10.892373,120.614006,13.792648,22.224167
100,10000000,168.1154,14.087274,117.5797,14.032542,21.66344
100,10000000,168.1046,14.511405,117.20196,14.095702,21.74775
100,10000000,168.15584,13.865962,117.013466,13.716785,22.794422
100,10000000,168.14395,12.385797,122.72946,13.8627615,18.616337
100,10000000,168.14893,13.320934,117.909424,14.236058,21.873236
100,10000000,168.18402,11.73744,119.94095,13.896014,22.054253
100,10000000,168.17877,11.349436,120.63266,13.733335,21.886293
100,10000000,168.19124,12.545214,118.418785,14.020991,22.65146
100,10000000,168.22472,12.487747,117.97899,14.067472,22.995039
100,10000000,168.2089,14.773977,116.96679,14.163614,21.781849
100,10000000,168.19598,12.944607,118.60097,14.136379,21.978334
100,10000000,168.24063,13.492273,118.602585,13.80434,21.761562
100,10000000,168.2077,14.77438,117.417984,13.978775,21.309183
100,10000000,168.23308,12.662541,118.52677,13.889687,22.401001
100,10000000,168.04677,12.372711,119.85675,14.033797,21.072771
100,10000000,168.22498,12.287552,119.27824,13.982358,21.982407
100,10000000,168.47348,16.488728,101.80178,14.815237,34.34101
100,10000000,168.53421,17.515738,99.22013,14.637087,36.126583
100,10000000,168.54675,14.787214,102.37659,14.477261,36.12634
100,10000000,168.5608,14.758683,103.50264,14.70463,34.593163
100,10000000,168.55374,16.951601,102.683586,14.329638,33.7363
100,10000000,168.57253,14.112465,103.47133,14.42059,35.794292
100,10000000,168.63213,17.935608,103.74684,14.428771,31.471838
100,10000000,168.60252,14.728412,103.34186,14.304035,35.16656
100,10000000,168.5856,15.810771,101.92406,14.231039,35.79289
100,10000000,168.62338,17.584507,99.97301,14.673272,35.527893
100,10000000,168.62097,17.068228,100.21862,14.499391,35.81766
100,10000000,168.66454,15.583627,102.5514,14.2765665,35.42567
100,10000000,168.64897,16.839808,102.98083,14.606793,33.198467
100,10000000,168.65472,14.662382,103.35542,14.34843,35.428703
100,10000000,168.63145,15.371099,102.52737,14.661156,35.2809
100,10000000,168.66878,18.400835,99.61887,14.507236,35.092255
100,10000000,168.64424,15.213511,101.37926,14.614382,36.39104
100,10000000,168.68954,15.891107,102.30654,14.35955,35.366463
100,10000000,168.6993,16.841581,101.26054,14.413268,35.40692
100,10000000,168.56525,18.069836,99.91611,14.315946,35.293236
100,10000000,168.59828,15.8461,102.70866,14.308725,34.92619
100,10000000,168.7211,15.826545,103.377,14.330635,34.103985
100,10000000,168.7233,15.50685,101.506966,14.41206,36.280247
100,10000000,168.73584,17.838722,100.59772,14.462752,34.98177
100,10000000,168.76062,14.722608,101.716156,14.289998,36.961197
100,10000000,168.77101,16.139925,101.509254,14.413033,35.86608
100,10000000,168.74142,14.660691,103.94214,14.228328,35.189003
100,10000000,168.78195,16.963371,100.91061,14.330748,35.761856
100,10000000,168.79274,15.933318,103.421364,14.105272,34.51686
100,10000000,168.79074,14.976646,103.94371,14.395627,34.675667
100,10000000,168.82642,14.685011,107.49288,14.240595,31.624123
100,10000000,168.7918,13.7123165,104.73929,14.281502,35.256596
100,10000000,168.84032,16.788527,102.433426,14.436342,34.121838
100,10000000,168.8649,15.544298,103.1497,14.735095,34.408894
100,10000000,168.81964,16.990803,100.85701,14.324749,35.826706
100,10000000,168.78175,14.236001,106.95659,14.518552,32.251854
100,10000000,168.82224,14.393516,102.4918,14.344436,36.47715
100,10000000,168.83769,14.690361,102.383965,14.347334,36.529392

100,30000000,507.50797,35.68338,351.67828,41.308453,77.34898
100,30000000,507.7496,37.60169,345.69324,41.917854,80.96561
100,30000000,507.7667,41.63585,342.86786,41.422493,80.40481
100,30000000,508.0006,34.705868,352.40564,41.16841,78.81597
100,30000000,508.26926,36.975548,359.5319,41.46379,69.445885
100,30000000,508.03992,34.616024,352.17413,41.994606,77.895424
100,30000000,508.1548,37.198536,361.68433,40.796844,67.07101
100,30000000,508.10068,39.680546,346.68225,42.09984,78.22166
100,30000000,508.13126,36.351563,352.68033,41.87036,76.10741
100,30000000,508.12653,49.284622,335.0752,42.180317,80.09173
100,30000000,508.18436,37.023888,349.83313,41.53368,78.3539
100,30000000,508.22543,33.666485,354.55725,41.40525,77.06223
100,30000000,508.31946,41.53933,344.20834,41.94724,79.19452
100,30000000,508.2187,39.84421,344.99075,41.861008,80.0334
100,30000000,508.30362,39.96897,348.10376,41.794674,77.00477
100,30000000,508.31934,35.870457,352.11557,41.04589,78.304276
100,30000000,508.29813,39.26213,346.8864,41.74002,79.459915
100,30000000,508.3382,42.808506,345.15335,41.933167,77.046844
100,30000000,508.26886,48.59834,338.26837,42.199287,78.28291
100,30000000,508.40134,38.40326,349.06613,42.133,77.403625
100,30000000,508.36636,39.43723,345.2041,42.149113,80.61125
100,30000000,508.48706,36.49433,350.3502,41.56137,79.09898
100,30000000,508.5309,40.8936,344.97818,42.68571,78.54229
100,30000000,508.36057,39.167202,347.07846,41.876213,79.34868
100,30000000,508.51636,38.587063,346.85553,41.69808,80.433395
100,30000000,508.43445,36.46818,346.3336,42.066425,82.066185
100,30000000,508.57117,36.770313,350.8006,42.06533,77.471115
100,30000000,508.6383,35.36352,351.73807,41.235455,79.354416
100,30000000,508.52185,35.353825,352.57,41.985706,77.698845
100,30000000,510.34006,49.03459,282.12695,43.103867,134.71529
100,30000000,510.28125,49.698097,279.96295,43.168,136.06456
100,30000000,510.37122,46.54227,284.6058,43.43014,133.77025
100,30000000,510.20898,50.147663,276.4565,43.630283,137.7622
100,30000000,510.52213,52.135277,285.52264,43.45892,127.4175
100,30000000,510.60712,46.9845,284.32843,45.000725,132.27869
100,30000000,510.5779,49.837196,277.95676,43.75839,136.91129
100,30000000,510.69843,46.670773,284.87976,44.028843,133.04411
100,30000000,510.73306,46.103386,279.58264,42.95493,140.0275
100,30000000,510.74298,51.82639,277.63806,44.757675,134.49644
100,30000000,510.5723,55.73258,269.90634,44.37248,138.60663
100,30000000,510.82104,43.250443,288.95615,43.06135,134.00653
100,30000000,510.93817,48.861256,286.47687,42.692562,131.61847
100,30000000,510.70145,56.76649,281.35123,43.94883,126.67738
100,30000000,510.6819,47.478687,282.6013,43.585217,135.09395
100,30000000,510.9801,49.800167,279.1514,43.235256,137.50493
100,30000000,511.10715,56.07195,279.1692,43.284355,130.56929
100,30000000,510.99417,54.523895,272.62405,43.98489,138.5101
100,30000000,511.05804,54.85146,277.70792,43.571278,133.56842
100,30000000,511.05374,47.998394,286.4018,43.76921,130.86249
100,30000000,510.99384,57.091713,267.972,43.05918,141.47362
100,30000000,511.01056,46.902836,281.7985,43.999165,136.88881
100,30000000,511.25946,58.015633,284.0694,43.410213,123.73166
100,30000000,511.15662,45.125126,287.93723,44.36097,132.40016
100,30000000,511.05527,48.68188,278.5195,43.54107,138.95276
100,30000000,510.97684,54.630558,270.85428,43.1167,140.98915
100,30000000,510.91275,49.697598,282.87128,43.205578,133.75671
100,30000000,511.14883,51.69504,277.64374,42.793423,137.61433
100,30000000,511.21625,56.035816,271.24033,43.026867,138.88809
100,30000000,511.39203,43.661945,286.4062,43.764923,136.20888
100,30000000,511.38666,45.86376,273.42694,43.94972,146.02368
100,30000000,511.448,47.252163,284.35803,42.870815,135.62218
100,30000000,511.30173,48.070522,284.9432,42.734043,134.30583
100,30000000,511.35062,56.079796,267.0089,43.26673,143.55827
100,30000000,511.50943,49.945717,301.4705,42.215004,116.4236
100,30000000,511.50787,49.10805,278.30295,43.274696,139.57967
100,30000000,511.6301,47.95272,276.2689,43.745556,142.30516
100,30000000,511.65714,47.414467,283.5289,43.342567,136.01927

100,60000000,1013.20264,84.01683,675.099,83.97952,167.49799
100,60000000,1013.416,75.862404,683.5982,82.31504,169.10643
100,60000000,1014.23926,77.30868,680.53217,82.80847,171.84572
100,60000000,1014.8297,89.60078,661.9305,84.66047,176.202
100,60000000,1014.8968,81.01214,671.52496,84.38535,176.29384
100,60000000,1015.0832,87.63033,668.65106,83.41347,172.59833
100,60000000,1015.1054,74.179695,684.41235,82.27639,172.63803
100,60000000,1015.36993,73.272675,684.38007,82.63604,172.17355
100,60000000,1015.2726,76.956635,679.5094,84.627945,171.68913
100,60000000,1015.40826,80.26021,698.6279,82.151985,151.68352
100,60000000,1015.2947,90.06034,668.23016,83.420944,171.07263
100,60000000,1015.314,81.29149,676.8692,82.412,173.0435
100,60000000,1015.15344,84.88244,668.8704,83.53084,176.37004
100,60000000,1015.484,72.35944,681.0308,83.78612,175.7903
100,60000000,1015.3571,85.287445,670.4488,83.711044,174.34206
100,60000000,1015.28705,87.668495,667.302,83.7399,174.04358
100,60000000,1015.4149,85.84311,660.93353,82.948715,182.95378
100,60000000,1015.3008,76.3941,679.5173,82.95239,175.0431
100,60000000,1015.27655,77.82987,673.7137,84.90531,176.0797
100,60000000,1015.50336,77.62348,673.80457,84.38113,176.83888
100,60000000,1015.55383,82.428856,676.87537,84.76879,168.9136
100,60000000,1015.5978,89.4859,669.1817,84.01165,170.23492
100,60000000,1015.7499,72.97915,679.04193,82.63589,179.63043
100,60000000,1015.2789,80.89417,695.93665,83.12263,153.82707
100,60000000,1015.82086,109.53907,640.31146,84.032455,179.20203
100,60000000,1015.7828,81.61371,674.2774,84.05802,173.13614
100,60000000,1015.6096,105.35495,647.8144,84.44086,176.5311
100,60000000,1016.1247,84.254005,660.8286,83.31849,186.00034
100,60000000,1016.2454,89.29002,663.1623,83.434364,178.8945
100,60000000,1017.93036,102.5576,542.38135,85.64846,285.18442
100,60000000,1019.4654,98.61022,530.2777,86.933975,300.09073
100,60000000,1019.9501,102.5023,535.7519,85.89257,292.31323
100,60000000,1019.8149,122.31468,514.5401,86.411476,292.92847
100,60000000,1019.94666,121.60623,541.8379,85.387924,267.47403
100,60000000,1020.0534,122.102036,520.29224,88.13709,286.02936
100,60000000,1020.0331,101.30955,539.25635,87.17334,288.74872
100,60000000,1020.062,104.12167,534.0061,88.240135,290.1731
100,60000000,1020.34753,99.46247,548.0716,86.3841,282.80695
100,60000000,1020.59033,100.508965,529.51154,86.637856,300.19098
100,60000000,1020.5292,115.970665,520.4486,86.40762,295.83203
100,60000000,1020.7193,119.235146,533.3518,86.48557,278.17935
100,60000000,1020.59937,98.721214,557.08386,85.6299,276.8412
100,60000000,1020.83167,109.10107,528.9764,86.37295,292.63806
100,60000000,1020.87213,111.96816,529.61584,85.46966,291.5645
100,60000000,1020.7691,97.61981,526.89984,88.27168,304.43942
100,60000000,1020.6467,112.45883,530.90594,84.967064,290.43744
100,60000000,1020.90857,104.873695,528.70825,85.84887,299.4977
100,60000000,1021.0486,114.008194,535.1211,88.470184,279.84
100,60000000,1020.8144,108.67116,541.92224,87.8394,279.01456
100,60000000,1020.78485,118.23623,519.4482,86.354546,294.86612
100,60000000,1021.128,98.98273,525.19635,85.48059,309.179
100,60000000,1021.02374,114.92708,518.51434,85.79569,299.71872
100,60000000,1021.0382,105.46332,537.15234,84.83021,291.50485
100,60000000,1021.03284,109.868805,537.6784,85.51338,285.99835
100,60000000,1021.24384,111.61768,555.7843,85.7009,266.10623
100,60000000,1021.1014,100.42277,543.3207,85.83649,289.54944
100,60000000,1021.1652,104.899155,537.48364,84.76377,291.9268
100,60000000,1021.241,128.05377,522.7335,86.49048,280.62305
100,60000000,1021.07404,103.46593,527.67957,86.40615,301.4394
100,60000000,1021.3862,113.37493,538.3747,87.20054,278.89307
100,60000000,1021.04504,100.77998,538.7837,85.71166,293.89102
100,60000000,1021.1331,100.37283,543.37354,85.82531,289.50507
100,60000000,1021.28986,102.26223,537.42755,85.560616,293.9535
100,60000000,1021.3758,99.39261,521.89276,87.274506,310.84393
100,60000000,1021.43097,121.48655,506.91592,86.67792,304.27853
100,60000000,1021.2226,119.71938,506.4561,85.31945,307.68542
100,60000000,1021.4354,100.53692,548.10614,88.224915,282.44476

100,100000000,1665.5547,153.34166,1075.4497,139.96571,291.9815
100,100000000,1669,164.89146,1058.6897,141.10733,300.12744
100,100000000,1669.1263,161.99915,1072.5408,141.07889,289.24854
100,100000000,1668.9406,132.5758,1102.9576,138.49783,292.0443
100,100000000,1669.1614,148.9653,1080.7961,144.01817,291.16998
100,100000000,1668.5928,147.56006,1081.3064,141.58147,295.3018
100,100000000,1668.8,139.58385,1084.8696,141.03854,298.7779
100,100000000,1670.0737,127.134964,1096.8723,139.80902,303.82898
100,100000000,1670.336,146.37563,1084.1157,141.2998,294.5964
100,100000000,1670.3257,133.40483,1102.985,137.61806,293.86838
100,100000000,1670.5878,140.06091,1086.1365,140.9115,299.2604
100,100000000,1670.5068,164.98831,1070.0144,138.86824,293.82657
100,100000000,1670.2075,160.45042,1075.3032,140.63693,289.43073
100,100000000,1669.8258,139.64368,1092.1266,141.92822,291.6207
100,100000000,1670.665,143.38539,1080.6965,141.50548,300.54987
100,100000000,1670.284,151.23474,1075.1727,141.86949,299.82794
100,100000000,1670.6218,142.38078,1114.1488,139.0589,270.45978
100,100000000,1670.6813,151.15985,1076.3134,140.57889,298.06454
100,100000000,1670.7483,140.62471,1095.664,138.42873,293.5851
100,100000000,1670.9052,120.37827,1115.8857,139.68875,290.64383
100,100000000,1670.9562,138.26929,1088.849,140.81284,298.66122
100,100000000,1670.9196,155.4476,1073.211,141.90997,297.91946
100,100000000,1670.9817,155.78032,1078.5835,140.64362,293.36267
100,100000000,1670.7996,168.92816,953.7996,145.73172,399.324
100,100000000,1671.3921,151.25755,1073.4108,140.66484,303.79642
100,100000000,1672.0359,179.17885,862.3837,145.86037,481.0806
100,100000000,1674.6735,166.2428,871.22626,145.84409,485.84094
100,100000000,1675.2157,185.26434,849.82684,145.01321,489.3237
100,100000000,1675.8783,168.9332,875.29266,145.71538,479.95502
100,100000000,1677.1122,177.18272,854.5918,149.93785,489.43
100,100000000,1676.3749,213.59782,827.7251,150.39284,479.40045
100,100000000,1676.4341,208.42601,824.25977,147.68602,490.72092
100,100000000,1677.2275,166.04948,1040.1937,142.48776,324.0043
100,100000000,1677.9237,190.87442,844.3209,144.72244,494.7535
100,100000000,1677.8447,211.7974,841.69855,147.24779,471.11935
100,100000000,1677.6704,180.6277,853.08575,149.4063,488.73807
100,100000000,1677.7189,195.66496,832.7073,147.7468,498.75867
100,100000000,1677.9047,201.64063,850.803,142.71024,479.72092
100,100000000,1678.3385,180.58707,861.06024,147.67824,482.9804
100,100000000,1678.3354,176.47679,854.22595,145.16623,499.12524
100,100000000,1678.4615,174.70576,855.3222,147.66808,497.8677
100,100000000,1677.2545,174.01353,857.3087,146.59755,496.19125
100,100000000,1678.3083,214.41937,824.1035,147.5338,489.12708
100,100000000,1678.422,175.39243,853.3205,147.29451,497.03876
100,100000000,1678.8243,169.37047,955.37225,142.35007,408.56635
100,100000000,1679.0648,202.33032,845.618,143.10837,482.30322
100,100000000,1679.114,210.4589,862.6363,147.26419,452.98267
100,100000000,1678.6199,218.90373,814.4046,150.60017,489.37335
100,100000000,1679.3419,192.77179,889.8863,143.05626,450.29706
100,100000000,1679.2509,200.85464,845.92535,148.78731,477.9303
100,100000000,1679.4153,180.04419,864.34406,147.605,484.1331
100,100000000,1679.6156,197.75826,882.96234,146.2811,449.24402
100,100000000,1679.0393,174.61833,872.69525,147.58946,478.62357
100,100000000,1679.3667,174.4641,877.057,146.98843,475.10684
100,100000000,1679.0127,180.60422,854.6776,146.91016,493.8509
100,100000000,1679.4993,174.56587,868.0732,144.98701,488.48126
100,100000000,1679.8195,176.295,855.34485,147.80113,494.99677
100,100000000,1679.5541,214.42012,821.0878,147.03804,493.7577
100,100000000,1680.0355,187.8075,841.4989,146.29851,501.5958
100,100000000,1679.6522,171.93604,878.6636,145.96866,479.8696
100,100000000,1679.5349,210.92462,811.88635,148.18227,505.10883
100,100000000,1679.6361,169.65834,834.1678,147.4663,525.56494
100,100000000,1680.1344,190.22537,854.4279,145.26672,487.10797
100,100000000,1680.0823,198.12456,811.9717,155.03003,509.25784
100,100000000,1680.8068,208.79713,811.87555,144.83578,512.2447
100,100000000,1680.632,207.39555,822.4738,146.95425,500.64136
100,100000000,1680.236,176.21881,849.8674,146.35545,505.05673

70,100000000,1411.2657,210.17015,851.6769,138.64404,206.69203
70,100000000,1412.2439,237.88327,831.99506,137.71982,197.664
70,100000000,1413.9487,276.49963,759.38586,143.31873,227.78677
70,100000000,1415.1582,281.1791,770.8632,140.23607,215.76328
70,100000000,1413.6986,279.66028,740.72345,143.89438,242.3939
70,100000000,1415.1877,174.14687,866.4063,139.10396,228.25577
70,100000000,1415.9542,275.0181,749.1642,142.87791,241.80492
70,100000000,1416.1149,231.59976,805.61914,141.34853,230.60143
70,100000000,1415.5208,267.4228,794.67926,138.03712,211.35634
70,100000000,1416.7043,238.95653,806.5679,141.57527,222.5685
70,100000000,1417.0471,266.99454,762.63947,143.36665,237.29007
70,100000000,1416.6783,184.37473,852.81793,140.17494,232.00299
70,100000000,1416.368,268.85184,767.5668,140.97794,232.1863
70,100000000,1417.0615,210.20949,819.1957,143.12703,241.1355
70,100000000,1417.4324,269.9501,760.74615,142.88246,237.04366
70,100000000,1417.2185,178.4034,866.9588,140.96307,227.24461
70,100000000,1416.9836,263.07773,766.4564,142.5224,241.21112
70,100000000,1417.3982,266.1704,757.6604,142.88383,247.08626
70,100000000,1417.8639,209.62573,832.3224,140.78578,231.90065
70,100000000,1417.7799,226.31567,830.7186,138.79462,217.96152
70,100000000,1418.089,266.20526,775.0327,141.479,231.599
70,100000000,1418.5374,235.77502,814.03253,141.25404,220.54587
70,100000000,1417.0887,233.71404,792.60315,143.4404,243.74731
70,100000000,1417.645,234.9708,792.029,142.37372,244.91153
70,100000000,1417.9045,257.39233,775.8365,139.29182,241.57494
70,100000000,1418.1532,232.70361,805.58716,142.28096,234.21375
70,100000000,1417.8975,229.18663,805.81085,143.7733,235.84254
70,100000000,1418.9954,244.19034,795.3359,141.27765,231.20212
70,100000000,1418.8633,250.20273,769.3392,142.35379,250.4619
70,100000000,1420.446,273.59604,650.7496,150.14015,338.02252
70,100000000,1420.7769,299.9087,621.217,149.29779,341.7063
70,100000000,1419.3829,280.63028,672.9702,147.63649,309.85748
70,100000000,1420.8572,259.02545,637.063,146.28043,374.37616
70,100000000,1421.3075,288.55658,623.73004,148.99895,351.15347
70,100000000,1421.0735,274.13388,619.03503,147.38644,376.40137
70,100000000,1420.3998,268.84137,619.1634,146.7845,378.0679
70,100000000,1421.5663,263.4069,668.2348,143.83226,341.341
70,100000000,1421.728,316.8294,575.6775,148.49962,376.4426
70,100000000,1422.4312,279.3803,635.48956,147.29909,355.91553
70,100000000,1421.8868,277.86832,634.3442,147.7258,357.6263
70,100000000,1422.772,250.06674,638.33264,147.26747,382.8426
70,100000000,1423.0079,315.9036,563.4569,144.66753,394.5307
70,100000000,1422.3224,272.24213,615.1314,148.20174,382.56793
70,100000000,1423.3733,290.52814,607.98566,145.98589,374.76648
70,100000000,1423.6478,308.2608,609.06354,143.4655,354.07855
70,100000000,1423.5171,270.23364,640.20465,146.07417,358.51862
70,100000000,1425.2836,267.0377,657.1591,149.06987,344.12854

40,100000000,1037.7666,295.0448,434.50558,132.56705,168.52289
40,100000000,1042.99,393.77487,318.78683,137.3328,180.25885
40,100000000,1043.322,499.13217,208.30353,144.3602,184.28426
40,100000000,1050.168,556.03503,123.96208,135.63095,221.3467
40,100000000,1050.5914,312.1919,365.5328,138.27711,226.58475
40,100000000,1050.1726,513.07367,211.98657,145.29506,166.96292
40,100000000,1050.0773,350.76346,336.79504,137.85333,216.58043
40,100000000,1050.2292,436.1328,207.49075,141.61147,250.53305
40,100000000,1050.3159,457.01968,195.82709,146.14226,239.07597
40,100000000,1050.6296,343.32162,326.91708,143.11444,223.05927
40,100000000,1050.5815,474.57086,198.36572,146.50806,219.04962
40,100000000,1050.1473,393.2598,264.3143,143.47078,236.60262
40,100000000,1050.0143,375.83765,263.58893,140.1505,262.07764
40,100000000,1050.4633,396.12823,265.76288,143.98705,232.49771
40,100000000,1050.3099,476.52676,186.77226,145.73376,228.19925
40,100000000,1050.2954,334.04654,350.9783,142.37036,215.3117
40,100000000,1051.0109,393.3423,274.9271,142.28401,228.5697
40,100000000,1050.0757,440.5916,226.06018,144.0842,232.34167
40,100000000,1050.3103,548.9684,118.20042,135.02998,240.9017
40,100000000,1050.2944,379.29846,284.63184,139.37498,240.06746
40,100000000,1050.9712,489.88312,61.885826,137.95415,346.5748
40,100000000,1050.2981,482.94156,182.8334,143.78033,233.65935
40,100000000,1054.4432,463.39703,124.864746,138.95955,319.2912
40,100000000,1058.5726,379.66937,308.01126,137.17601,226.69101
40,100000000,1059.4596,397.9538,271.09973,136.354,246.85329
40,100000000,1065.8151,549.65704,12.77656,152.67937,333.27298
40,100000000,1067.9421,518.0426,11.006936,140.58507,390.05453

10,100000000,2084.5193,1305.2728,708.7268,42.70968,6.800108
10,100000000,2139.7576,1243.2173,824.6135,42.541245,10.086839
10,100000000,2146.7183,1328.9133,704.64496,42.58141,26.638456
10,100000000,2186.9976,2052.9395,29.55249,42.455692,21.617271
10,100000000,2187.5193,1296.4427,810.0824,42.67026,18.625793
10,100000000,2193.0632,1274.9512,836.5803,42.803192,18.856678
10,100000000,2222.883,2101.1755,0.000330839,43.421375,38.32277