network,app,setting,num_nodes,storage,_notes,_ignore
,,,,,"APP: Ycsb, STORAGE: Full, SHARDING: Sharding { num_shards: 1, num_shard_faulty_nodes: 1 }, NETWORK: Lan, NUM_CONCURRENT: 15000, CACHE_SIZE: 4000000, THETA: 1.24, READ_RATIO: 0.95, NUM_KEYS: 100000000 ",true
Lan,Ycsb,Full,4,99935900,
Lan,Ycsb,Full,4,99935896,
Lan,Ycsb,Full,4,99935896,
Lan,Ycsb,Full,10,99935896,
Lan,Ycsb,Full,10,99935888,
Lan,Ycsb,Full,10,99935900,
Lan,Ycsb,Full,10,99935896,
Lan,Ycsb,Full,10,99935900,
Lan,Ycsb,Full,10,99935900,
Lan,Ycsb,Full,10,99935896,
Lan,Ycsb,Full,40,99935900,
Lan,Ycsb,Full,40,99935896,
Lan,Ycsb,Full,40,99935896,
Lan,Ycsb,Full,40,99935896,
Lan,Ycsb,Full,40,99935900,
Lan,Ycsb,Full,40,99935888,
Lan,Ycsb,Full,40,99935896,
Lan,Ycsb,Full,40,99935900,
Lan,Ycsb,Full,40,99935892,
Lan,Ycsb,Full,40,99935896,
Lan,Ycsb,Full,40,99935900,
Lan,Ycsb,Full,40,99935896,
Lan,Ycsb,Full,40,99935896,
Lan,Ycsb,Full,40,99935888,
Lan,Ycsb,Full,40,99935896,
Lan,Ycsb,Full,40,99935896,
Lan,Ycsb,Full,40,99935904,
Lan,Ycsb,Full,40,99935888,
Lan,Ycsb,Full,40,99935892,
Lan,Ycsb,Full,40,99935900,
Lan,Ycsb,Full,40,99935896,
Lan,Ycsb,Full,40,99935900,
Lan,Ycsb,Full,40,99935900,
Lan,Ycsb,Full,40,99935896,
Lan,Ycsb,Full,40,99935896,
Lan,Ycsb,Full,40,99935896,
Lan,Ycsb,Full,40,99935896,
Lan,Ycsb,Full,70,99935896,
Lan,Ycsb,Full,70,99935896,
Lan,Ycsb,Full,70,99935904,
Lan,Ycsb,Full,70,99935896,
Lan,Ycsb,Full,70,99935896,
Lan,Ycsb,Full,70,99935896,
Lan,Ycsb,Full,70,99935892,
Lan,Ycsb,Full,70,99935896,
Lan,Ycsb,Full,70,99935896,
Lan,Ycsb,Full,70,99935896,
Lan,Ycsb,Full,70,99935896,
Lan,Ycsb,Full,70,99935896,
Lan,Ycsb,Full,70,99935888,
Lan,Ycsb,Full,70,99935900,
Lan,Ycsb,Full,70,99935896,
Lan,Ycsb,Full,70,99935896,
Lan,Ycsb,Full,70,99935900,
Lan,Ycsb,Full,70,99935896,
Lan,Ycsb,Full,70,99935900,
Lan,Ycsb,Full,70,99935900,
Lan,Ycsb,Full,70,99935900,
Lan,Ycsb,Full,70,99935888,
Lan,Ycsb,Full,70,99935900,
Lan,Ycsb,Full,70,99935888,
Lan,Ycsb,Full,70,99935892,
Lan,Ycsb,Full,70,99935900,
Lan,Ycsb,Full,70,99935896,
Lan,Ycsb,Full,70,99935900,
Lan,Ycsb,Full,70,99935904,
Lan,Ycsb,Full,70,99935892,
Lan,Ycsb,Full,70,99935896,
Lan,Ycsb,Full,70,99935896,
Lan,Ycsb,Full,70,99935896,
Lan,Ycsb,Full,70,99935896,
Lan,Ycsb,Full,70,99935896,
Lan,Ycsb,Full,70,99935892,
Lan,Ycsb,Full,70,99935904,
Lan,Ycsb,Full,70,99935904,
Lan,Ycsb,Full,70,99935888,
Lan,Ycsb,Full,70,99935888,
Lan,Ycsb,Full,70,99935892,
Lan,Ycsb,Full,70,99935900,
Lan,Ycsb,Full,70,99935900,
Lan,Ycsb,Full,70,99935892,
Lan,Ycsb,Full,70,99935900,
Lan,Ycsb,Full,70,99935900,
Lan,Ycsb,Full,70,99935892,
Lan,Ycsb,Full,100,99935896,
Lan,Ycsb,Full,100,99935896,
Lan,Ycsb,Full,100,99935892,
Lan,Ycsb,Full,100,99935900,
Lan,Ycsb,Full,100,99935900,
Lan,Ycsb,Full,100,99935896,
Lan,Ycsb,Full,100,99935896,
Lan,Ycsb,Full,100,99935896,
Lan,Ycsb,Full,100,99935904,
Lan,Ycsb,Full,100,99935892,
Lan,Ycsb,Full,100,99935896,
Lan,Ycsb,Full,100,99935888,
Lan,Ycsb,Full,100,99935900,
Lan,Ycsb,Full,100,99935900,
Lan,Ycsb,Full,100,99935892,
Lan,Ycsb,Full,100,99935896,
Lan,Ycsb,Full,100,99935896,
Lan,Ycsb,Full,100,99935904,
Lan,Ycsb,Full,100,99935892,
Lan,Ycsb,Full,100,99935896,
Lan,Ycsb,Full,100,99935888,
Lan,Ycsb,Full,100,99935896,
Lan,Ycsb,Full,100,99935900,
Lan,Ycsb,Full,100,99935900,
Lan,Ycsb,Full,100,99935904,
Lan,Ycsb,Full,100,99935896,
Lan,Ycsb,Full,100,99935900,
Lan,Ycsb,Full,100,99935896,
Lan,Ycsb,Full,100,99935900,
Lan,Ycsb,Full,100,99935896,
Lan,Ycsb,Full,100,99935900,
Lan,Ycsb,Full,100,99935896,
Lan,Ycsb,Full,100,99935896,
Lan,Ycsb,Full,100,99935896,
Lan,Ycsb,Full,100,99935888,
Lan,Ycsb,Full,100,99935900,
Lan,Ycsb,Full,100,99935888,
Lan,Ycsb,Full,100,99935900,
Lan,Ycsb,Full,100,99935904,
Lan,Ycsb,Full,100,99935892,
Lan,Ycsb,Full,100,99935892,
Lan,Ycsb,Full,100,99935896,
Lan,Ycsb,Full,100,99935888,
Lan,Ycsb,Full,100,99935892,
Lan,Ycsb,Full,100,99935896,
Lan,Ycsb,Full,100,99935900,
Lan,Ycsb,Full,100,99935896,
Lan,Ycsb,Full,100,99935900,
Lan,Ycsb,Full,100,99935888,
Lan,Ycsb,Full,100,99935888,
Lan,Ycsb,Full,100,99935896,
Lan,Ycsb,Full,100,99935896,
Lan,Ycsb,Full,100,99935892,
Lan,Ycsb,Full,100,99935896,
Lan,Ycsb,Full,100,99935888,
Lan,Ycsb,Full,100,99935896,
Lan,Ycsb,Full,100,99935896,
Lan,Ycsb,Full,100,99935900,
Lan,Ycsb,Full,100,99935896,
Lan,Ycsb,Full,100,99935892,
Lan,Ycsb,Full,100,99935896,
Lan,Ycsb,Full,100,99935904,
Lan,Ycsb,Full,100,99935900,
Lan,Ycsb,Full,100,99935904,
Lan,Ycsb,Full,100,99935892,
Lan,Ycsb,Full,100,99935900,
Lan,Ycsb,Full,100,99935896,
,,,,,"APP: Ycsb, STORAGE: Full, SHARDING: Sharding { num_shards: 10, num_shard_faulty_nodes: 3 }, NETWORK: Lan, NUM_CONCURRENT: 15000, CACHE_SIZE: 4000000, THETA: 1.24, READ_RATIO: 0.95, NUM_KEYS: 100000000 ",true
Lan,Ycsb,Sharded,100,9993644,
Lan,Ycsb,Sharded,100,9993644,
Lan,Ycsb,Sharded,100,9993644,
Lan,Ycsb,Sharded,100,9993644,
Lan,Ycsb,Sharded,100,9993644,
Lan,Ycsb,Sharded,100,9993644,
Lan,Ycsb,Sharded,100,9993640,
Lan,Ycsb,Sharded,100,9993644,
Lan,Ycsb,Sharded,100,9993644,
Lan,Ycsb,Sharded,100,9993644,
Lan,Ycsb,Sharded,100,9993640,
Lan,Ycsb,Sharded,100,9993644,
Lan,Ycsb,Sharded,100,9993644,
Lan,Ycsb,Sharded,100,9993640,
Lan,Ycsb,Sharded,100,9993644,
Lan,Ycsb,Sharded,100,9993640,
Lan,Ycsb,Sharded,100,9993644,
Lan,Ycsb,Sharded,100,9993644,
Lan,Ycsb,Sharded,100,9993644,
Lan,Ycsb,Sharded,100,9993644,
Lan,Ycsb,Sharded,100,9993644,
Lan,Ycsb,Sharded,100,9993644,
Lan,Ycsb,Sharded,100,9993644,
Lan,Ycsb,Sharded,100,9993644,
Lan,Ycsb,Sharded,100,9993644,
Lan,Ycsb,Sharded,100,9993644,
Lan,Ycsb,Sharded,100,9993644,
Lan,Ycsb,Sharded,100,9993644,
Lan,Ycsb,Sharded,100,9993644,
Lan,Ycsb,Sharded,100,9993640,
Lan,Ycsb,Sharded,100,9993644,
Lan,Ycsb,Sharded,100,9993644,
Lan,Ycsb,Sharded,100,9993644,
Lan,Ycsb,Sharded,100,9993644,
Lan,Ycsb,Sharded,100,9993644,
Lan,Ycsb,Sharded,100,9993644,
Lan,Ycsb,Sharded,100,9993644,
Lan,Ycsb,Sharded,100,9993644,
Lan,Ycsb,Sharded,100,9993640,
Lan,Ycsb,Sharded,100,9993640,
Lan,Ycsb,Sharded,100,9993644,
Lan,Ycsb,Sharded,100,9993644,
Lan,Ycsb,Sharded,100,9993644,
Lan,Ycsb,Sharded,100,9993640,
Lan,Ycsb,Sharded,100,9993644,
Lan,Ycsb,Sharded,100,9993644,
Lan,Ycsb,Sharded,100,9993640,
Lan,Ycsb,Sharded,100,9993644,
Lan,Ycsb,Sharded,100,9993644,
Lan,Ycsb,Sharded,100,9993644,
Lan,Ycsb,Sharded,100,9993644,
Lan,Ycsb,Sharded,100,9993640,
Lan,Ycsb,Sharded,100,9993640,
Lan,Ycsb,Sharded,100,9993640,
Lan,Ycsb,Sharded,100,9993644,
Lan,Ycsb,Sharded,100,9993640,
Lan,Ycsb,Sharded,100,9993640,
Lan,Ycsb,Sharded,100,9993640,
Lan,Ycsb,Sharded,100,9993644,
Lan,Ycsb,Sharded,100,9993640,
Lan,Ycsb,Sharded,100,9993644,
Lan,Ycsb,Sharded,100,9993640,
Lan,Ycsb,Sharded,100,9993640,
Lan,Ycsb,Sharded,100,9993640,
Lan,Ycsb,Sharded,100,9993640,
Lan,Ycsb,Sharded,100,9993640,
Lan,Ycsb,Sharded,100,9993644,
,,,,,"APP: Ycsb, STORAGE: Full, SHARDING: Sharding { num_shards: 8, num_shard_faulty_nodes: 3 }, NETWORK: Lan, NUM_CONCURRENT: 15000, CACHE_SIZE: 4000000, THETA: 1.24, READ_RATIO: 0.95, NUM_KEYS: 100000000 ",true
Lan,Ycsb,Sharded,80,12492044,
Lan,Ycsb,Sharded,80,12492044,
Lan,Ycsb,Sharded,80,12492044,
Lan,Ycsb,Sharded,80,12492044,
Lan,Ycsb,Sharded,80,12492044,
Lan,Ycsb,Sharded,80,12492044,
Lan,Ycsb,Sharded,80,12492044,
Lan,Ycsb,Sharded,80,12492044,
Lan,Ycsb,Sharded,80,12492044,
Lan,Ycsb,Sharded,80,12492044,
Lan,Ycsb,Sharded,80,12492044,
Lan,Ycsb,Sharded,80,12492044,
Lan,Ycsb,Sharded,80,12492044,
Lan,Ycsb,Sharded,80,12492044,
Lan,Ycsb,Sharded,80,12492044,
Lan,Ycsb,Sharded,80,12492044,
Lan,Ycsb,Sharded,80,12492044,
Lan,Ycsb,Sharded,80,12492044,
Lan,Ycsb,Sharded,80,12492044,
Lan,Ycsb,Sharded,80,12492044,
Lan,Ycsb,Sharded,80,12492044,
Lan,Ycsb,Sharded,80,12492044,
Lan,Ycsb,Sharded,80,12492044,
Lan,Ycsb,Sharded,80,12492044,
Lan,Ycsb,Sharded,80,12492044,
Lan,Ycsb,Sharded,80,12492044,
Lan,Ycsb,Sharded,80,12492044,
Lan,Ycsb,Sharded,80,12492044,
Lan,Ycsb,Sharded,80,12492040,
Lan,Ycsb,Sharded,80,12492044,
Lan,Ycsb,Sharded,80,12492044,
Lan,Ycsb,Sharded,80,12492044,
Lan,Ycsb,Sharded,80,12492044,
Lan,Ycsb,Sharded,80,12492044,
Lan,Ycsb,Sharded,80,12492044,
Lan,Ycsb,Sharded,80,12492044,
Lan,Ycsb,Sharded,80,12492044,
Lan,Ycsb,Sharded,80,12492044,
Lan,Ycsb,Sharded,80,12492044,
Lan,Ycsb,Sharded,80,12492044,
Lan,Ycsb,Sharded,80,12492040,
Lan,Ycsb,Sharded,80,12492044,
Lan,Ycsb,Sharded,80,12492044,
Lan,Ycsb,Sharded,80,12492044,
Lan,Ycsb,Sharded,80,12492044,
Lan,Ycsb,Sharded,80,12492044,
Lan,Ycsb,Sharded,80,12492044,
Lan,Ycsb,Sharded,80,12492044,
Lan,Ycsb,Sharded,80,12492044,
Lan,Ycsb,Sharded,80,12492044,
Lan,Ycsb,Sharded,80,12492044,
Lan,Ycsb,Sharded,80,12492044,
Lan,Ycsb,Sharded,80,12492044,
Lan,Ycsb,Sharded,80,12492044,
Lan,Ycsb,Sharded,80,12492044,
Lan,Ycsb,Sharded,80,12492044,
,,,,,"APP: Ycsb, STORAGE: Full, SHARDING: Sharding { num_shards: 6, num_shard_faulty_nodes: 3 }, NETWORK: Lan, NUM_CONCURRENT: 15000, CACHE_SIZE: 4000000, THETA: 1.24, READ_RATIO: 0.95, NUM_KEYS: 100000000 ",true
Lan,Ycsb,Sharded,60,16656040,
Lan,Ycsb,Sharded,60,16656032,
Lan,Ycsb,Sharded,60,16656032,
Lan,Ycsb,Sharded,60,16656032,
Lan,Ycsb,Sharded,60,16656032,
Lan,Ycsb,Sharded,60,16656032,
Lan,Ycsb,Sharded,60,16656032,
Lan,Ycsb,Sharded,60,16656040,
Lan,Ycsb,Sharded,60,16656032,
Lan,Ycsb,Sharded,60,16656032,
Lan,Ycsb,Sharded,60,16656032,
Lan,Ycsb,Sharded,60,16656040,
Lan,Ycsb,Sharded,60,16656032,
Lan,Ycsb,Sharded,60,16656040,
Lan,Ycsb,Sharded,60,16656028,
Lan,Ycsb,Sharded,60,16656032,
Lan,Ycsb,Sharded,60,16656032,
Lan,Ycsb,Sharded,60,16656032,
Lan,Ycsb,Sharded,60,16656028,
Lan,Ycsb,Sharded,60,16656036,
Lan,Ycsb,Sharded,60,16656028,
Lan,Ycsb,Sharded,60,16656040,
Lan,Ycsb,Sharded,60,16656032,
Lan,Ycsb,Sharded,60,16656040,
Lan,Ycsb,Sharded,60,16656040,
Lan,Ycsb,Sharded,60,16656032,
Lan,Ycsb,Sharded,60,16656032,
Lan,Ycsb,Sharded,60,16656036,
Lan,Ycsb,Sharded,60,16656048,
Lan,Ycsb,Sharded,60,16656028,
Lan,Ycsb,Sharded,60,16656028,
Lan,Ycsb,Sharded,60,16656028,
Lan,Ycsb,Sharded,60,16656028,
Lan,Ycsb,Sharded,60,16656032,
Lan,Ycsb,Sharded,60,16656036,
Lan,Ycsb,Sharded,60,16656032,
Lan,Ycsb,Sharded,60,16656036,
Lan,Ycsb,Sharded,60,16656036,
Lan,Ycsb,Sharded,60,16656040,
Lan,Ycsb,Sharded,60,16656032,
Lan,Ycsb,Sharded,60,16656036,
Lan,Ycsb,Sharded,60,16656044,
,,,,,"APP: Ycsb, STORAGE: Full, SHARDING: Sharding { num_shards: 4, num_shard_faulty_nodes: 3 }, NETWORK: Lan, NUM_CONCURRENT: 15000, CACHE_SIZE: 4000000, THETA: 1.24, READ_RATIO: 0.95, NUM_KEYS: 100000000 ",true
Lan,Ycsb,Sharded,40,24984020,
Lan,Ycsb,Sharded,40,24984016,
Lan,Ycsb,Sharded,40,24984020,
Lan,Ycsb,Sharded,40,24984016,
Lan,Ycsb,Sharded,40,24984020,
Lan,Ycsb,Sharded,40,24984020,
Lan,Ycsb,Sharded,40,24984016,
Lan,Ycsb,Sharded,40,24984020,
Lan,Ycsb,Sharded,40,24984016,
Lan,Ycsb,Sharded,40,24984020,
Lan,Ycsb,Sharded,40,24984020,
Lan,Ycsb,Sharded,40,24984020,
Lan,Ycsb,Sharded,40,24984020,
Lan,Ycsb,Sharded,40,24984020,
Lan,Ycsb,Sharded,40,24984016,
Lan,Ycsb,Sharded,40,24984020,
Lan,Ycsb,Sharded,40,24984020,
Lan,Ycsb,Sharded,40,24984016,
Lan,Ycsb,Sharded,40,24984020,
Lan,Ycsb,Sharded,40,24984020,
Lan,Ycsb,Sharded,40,24984020,
Lan,Ycsb,Sharded,40,24984020,
Lan,Ycsb,Sharded,40,24984008,
Lan,Ycsb,Sharded,40,24984020,
Lan,Ycsb,Sharded,40,24984020,
Lan,Ycsb,Sharded,40,24984020,
Lan,Ycsb,Sharded,40,24984020,
Lan,Ycsb,Sharded,40,24984008,
,,,,,"APP: Ycsb, STORAGE: Full, SHARDING: Sharding { num_shards: 2, num_shard_faulty_nodes: 3 }, NETWORK: Lan, NUM_CONCURRENT: 15000, CACHE_SIZE: 4000000, THETA: 1.24, READ_RATIO: 0.95, NUM_KEYS: 100000000 ",true
Lan,Ycsb,Sharded,20,49967980,
Lan,Ycsb,Sharded,20,49967980,
Lan,Ycsb,Sharded,20,49967984,
Lan,Ycsb,Sharded,20,49967980,
Lan,Ycsb,Sharded,20,49967980,
Lan,Ycsb,Sharded,20,49967976,
Lan,Ycsb,Sharded,20,49967984,
Lan,Ycsb,Sharded,20,49967976,
Lan,Ycsb,Sharded,20,49967976,
Lan,Ycsb,Sharded,20,49967976,
Lan,Ycsb,Sharded,20,49967984,
Lan,Ycsb,Sharded,20,49967980,
Lan,Ycsb,Sharded,20,49967988,
Lan,Ycsb,Sharded,20,49967984,
,,,,,"APP: Ycsb, STORAGE: Big, SHARDING: Sharding { num_shards: 1, num_shard_faulty_nodes: 33 }, NETWORK: Lan, NUM_CONCURRENT: 15000, CACHE_SIZE: 4000000, THETA: 1.24, READ_RATIO: 0.95, NUM_KEYS: 100000000 ",true
Lan,Ycsb,Big,100,10417864,
Lan,Ycsb,Big,100,10410464,
Lan,Ycsb,Big,100,10411736,
Lan,Ycsb,Big,100,10413480,
Lan,Ycsb,Big,100,10413784,
Lan,Ycsb,Big,100,10411436,
Lan,Ycsb,Big,100,10410372,
Lan,Ycsb,Big,100,10415348,
Lan,Ycsb,Big,100,10417980,
Lan,Ycsb,Big,100,10413116,
Lan,Ycsb,Big,100,10412008,
Lan,Ycsb,Big,100,10415028,
Lan,Ycsb,Big,100,10413704,
Lan,Ycsb,Big,100,10418052,
Lan,Ycsb,Big,100,10410140,
Lan,Ycsb,Big,100,10409868,
Lan,Ycsb,Big,100,10415440,
Lan,Ycsb,Big,100,10414840,
Lan,Ycsb,Big,100,10414208,
Lan,Ycsb,Big,100,10416204,
Lan,Ycsb,Big,100,10412476,
Lan,Ycsb,Big,100,10415792,
Lan,Ycsb,Big,100,10411384,
Lan,Ycsb,Big,100,10414916,
Lan,Ycsb,Big,100,10411920,
Lan,Ycsb,Big,100,10412636,
Lan,Ycsb,Big,100,10412956,
Lan,Ycsb,Big,100,10415112,
Lan,Ycsb,Big,100,10415236,
Lan,Ycsb,Big,100,10417464,
Lan,Ycsb,Big,100,10412028,
Lan,Ycsb,Big,100,10412284,
Lan,Ycsb,Big,100,10418148,
Lan,Ycsb,Big,100,10411800,
Lan,Ycsb,Big,100,10414544,
Lan,Ycsb,Big,100,10417956,
Lan,Ycsb,Big,100,10416548,
Lan,Ycsb,Big,100,10413968,
Lan,Ycsb,Big,100,10411728,
Lan,Ycsb,Big,100,10413280,
Lan,Ycsb,Big,100,10414020,
Lan,Ycsb,Big,100,10417544,
Lan,Ycsb,Big,100,10411856,
Lan,Ycsb,Big,100,10414648,
Lan,Ycsb,Big,100,10411276,
Lan,Ycsb,Big,100,10413980,
Lan,Ycsb,Big,100,10412836,
Lan,Ycsb,Big,100,10410312,
Lan,Ycsb,Big,100,10418432,
Lan,Ycsb,Big,100,10411260,
Lan,Ycsb,Big,100,10414000,
Lan,Ycsb,Big,100,10417232,
Lan,Ycsb,Big,100,10409456,
Lan,Ycsb,Big,100,10416824,
Lan,Ycsb,Big,100,10413708,
Lan,Ycsb,Big,100,10415072,
Lan,Ycsb,Big,100,10410624,
Lan,Ycsb,Big,100,10408876,
Lan,Ycsb,Big,100,10410708,
Lan,Ycsb,Big,100,10418108,
Lan,Ycsb,Big,100,10410212,
Lan,Ycsb,Big,100,10413904,
Lan,Ycsb,Big,100,10417268,
Lan,Ycsb,Big,100,10411456,
Lan,Ycsb,Big,100,10410952,
Lan,Ycsb,Big,100,10414632,
Lan,Ycsb,Big,100,10410772,
,,,,,"APP: Ycsb, STORAGE: Big, SHARDING: Sharding { num_shards: 1, num_shard_faulty_nodes: 28 }, NETWORK: Lan, NUM_CONCURRENT: 15000, CACHE_SIZE: 4000000, THETA: 1.24, READ_RATIO: 0.95, NUM_KEYS: 100000000 ",true
Lan,Ycsb,Big,85,12418116,
Lan,Ycsb,Big,85,12205480,
Lan,Ycsb,Big,85,12202548,
Lan,Ycsb,Big,85,12310328,
Lan,Ycsb,Big,85,12195656,
Lan,Ycsb,Big,85,12416332,
Lan,Ycsb,Big,85,12413124,
Lan,Ycsb,Big,85,12201964,
Lan,Ycsb,Big,85,12417344,
Lan,Ycsb,Big,85,12415916,
Lan,Ycsb,Big,85,12414780,
Lan,Ycsb,Big,85,12415432,
Lan,Ycsb,Big,85,12198580,
Lan,Ycsb,Big,85,12207120,
Lan,Ycsb,Big,85,12201080,
Lan,Ycsb,Big,85,12204872,
Lan,Ycsb,Big,85,12199928,
Lan,Ycsb,Big,85,12199900,
Lan,Ycsb,Big,85,12426240,
Lan,Ycsb,Big,85,12413336,
Lan,Ycsb,Big,85,12207628,
Lan,Ycsb,Big,85,12414688,
Lan,Ycsb,Big,85,12201476,
Lan,Ycsb,Big,85,12207128,
Lan,Ycsb,Big,85,12418420,
Lan,Ycsb,Big,85,12200012,
Lan,Ycsb,Big,85,12202616,
Lan,Ycsb,Big,85,12196888,
Lan,Ycsb,Big,85,12202160,
Lan,Ycsb,Big,85,12205452,
Lan,Ycsb,Big,85,12200316,
Lan,Ycsb,Big,85,12426912,
Lan,Ycsb,Big,85,12199424,
Lan,Ycsb,Big,85,12202008,
Lan,Ycsb,Big,85,12196920,
Lan,Ycsb,Big,85,12198256,
Lan,Ycsb,Big,85,12200872,
Lan,Ycsb,Big,85,12197216,
Lan,Ycsb,Big,85,12198452,
Lan,Ycsb,Big,85,12206116,
Lan,Ycsb,Big,85,12195760,
Lan,Ycsb,Big,85,12195740,
Lan,Ycsb,Big,85,12206652,
Lan,Ycsb,Big,85,12199132,
Lan,Ycsb,Big,85,12310188,
Lan,Ycsb,Big,85,12203732,
Lan,Ycsb,Big,85,12202176,
Lan,Ycsb,Big,85,12201360,
Lan,Ycsb,Big,85,12202124,
Lan,Ycsb,Big,85,12415212,
Lan,Ycsb,Big,85,12320736,
Lan,Ycsb,Big,85,12201104,
Lan,Ycsb,Big,85,12414888,
Lan,Ycsb,Big,85,12415032,
Lan,Ycsb,Big,85,12201276,
Lan,Ycsb,Big,85,12322484,
Lan,Ycsb,Big,85,12201896,
,,,,,"APP: Ycsb, STORAGE: Big, SHARDING: Sharding { num_shards: 1, num_shard_faulty_nodes: 23 }, NETWORK: Lan, NUM_CONCURRENT: 15000, CACHE_SIZE: 4000000, THETA: 1.24, READ_RATIO: 0.95, NUM_KEYS: 100000000 ",true
Lan,Ycsb,Big,70,14949136,
Lan,Ycsb,Big,70,14624292,
Lan,Ycsb,Big,70,14940692,
Lan,Ycsb,Big,70,14955220,
Lan,Ycsb,Big,70,14948132,
Lan,Ycsb,Big,70,14845288,
Lan,Ycsb,Big,70,14951044,
Lan,Ycsb,Big,70,14840828,
Lan,Ycsb,Big,70,14844884,
Lan,Ycsb,Big,70,14950604,
Lan,Ycsb,Big,70,14947056,
Lan,Ycsb,Big,70,14952732,
Lan,Ycsb,Big,70,14625104,
Lan,Ycsb,Big,70,14845376,
Lan,Ycsb,Big,70,14953124,
Lan,Ycsb,Big,70,14842852,
Lan,Ycsb,Big,70,14838876,
Lan,Ycsb,Big,70,14951124,
Lan,Ycsb,Big,70,14842440,
Lan,Ycsb,Big,70,14841704,
Lan,Ycsb,Big,70,14734452,
Lan,Ycsb,Big,70,14950732,
Lan,Ycsb,Big,70,14952288,
Lan,Ycsb,Big,70,14733164,
Lan,Ycsb,Big,70,14734336,
Lan,Ycsb,Big,70,14837012,
Lan,Ycsb,Big,70,14950848,
Lan,Ycsb,Big,70,14844612,
Lan,Ycsb,Big,70,14944216,
Lan,Ycsb,Big,70,14840664,
Lan,Ycsb,Big,70,14955272,
Lan,Ycsb,Big,70,14844636,
Lan,Ycsb,Big,70,14844784,
Lan,Ycsb,Big,70,14939268,
Lan,Ycsb,Big,70,14833148,
Lan,Ycsb,Big,70,14845836,
Lan,Ycsb,Big,70,14844544,
Lan,Ycsb,Big,70,14842196,
Lan,Ycsb,Big,70,14953948,
Lan,Ycsb,Big,70,14846244,
Lan,Ycsb,Big,70,14841884,
Lan,Ycsb,Big,70,14619776,
Lan,Ycsb,Big,70,14623340,
Lan,Ycsb,Big,70,14842756,
Lan,Ycsb,Big,70,14840896,
Lan,Ycsb,Big,70,14731092,
Lan,Ycsb,Big,70,14946344,
,,,,,"APP: Ycsb, STORAGE: Big, SHARDING: Sharding { num_shards: 1, num_shard_faulty_nodes: 18 }, NETWORK: Lan, NUM_CONCURRENT: 15000, CACHE_SIZE: 4000000, THETA: 1.24, READ_RATIO: 0.95, NUM_KEYS: 100000000 ",true
Lan,Ycsb,Big,55,19031316,
Lan,Ycsb,Big,55,18926176,
Lan,Ycsb,Big,55,18714032,
Lan,Ycsb,Big,55,19034784,
Lan,Ycsb,Big,55,18706816,
Lan,Ycsb,Big,55,19034032,
Lan,Ycsb,Big,55,18720928,
Lan,Ycsb,Big,55,19036356,
Lan,Ycsb,Big,55,18823404,
Lan,Ycsb,Big,55,18927656,
Lan,Ycsb,Big,55,19034344,
Lan,Ycsb,Big,55,19032692,
Lan,Ycsb,Big,55,18930160,
Lan,Ycsb,Big,55,18824148,
Lan,Ycsb,Big,55,18709068,
Lan,Ycsb,Big,55,19029128,
Lan,Ycsb,Big,55,18719452,
Lan,Ycsb,Big,55,18708016,
Lan,Ycsb,Big,55,18716996,
Lan,Ycsb,Big,55,18716536,
Lan,Ycsb,Big,55,18927432,
Lan,Ycsb,Big,55,18924492,
Lan,Ycsb,Big,55,18711412,
Lan,Ycsb,Big,55,18711868,
Lan,Ycsb,Big,55,18716400,
Lan,Ycsb,Big,55,18714816,
Lan,Ycsb,Big,55,18826292,
Lan,Ycsb,Big,55,18930604,
Lan,Ycsb,Big,55,18923496,
Lan,Ycsb,Big,55,19032712,
Lan,Ycsb,Big,55,18823808,
Lan,Ycsb,Big,55,18927404,
Lan,Ycsb,Big,55,18932552,
Lan,Ycsb,Big,55,18716448,
Lan,Ycsb,Big,55,18711144,
Lan,Ycsb,Big,55,18928080,
Lan,Ycsb,Big,55,18926148,
,,,,,"APP: Ycsb, STORAGE: Big, SHARDING: Sharding { num_shards: 1, num_shard_faulty_nodes: 13 }, NETWORK: Lan, NUM_CONCURRENT: 15000, CACHE_SIZE: 4000000, THETA: 1.24, READ_RATIO: 0.95, NUM_KEYS: 100000000 ",true
Lan,Ycsb,Big,40,25825128,
Lan,Ycsb,Big,40,25825844,
Lan,Ycsb,Big,40,25819348,
Lan,Ycsb,Big,40,25826020,
Lan,Ycsb,Big,40,25817816,
Lan,Ycsb,Big,40,25822324,
Lan,Ycsb,Big,40,25825572,
Lan,Ycsb,Big,40,25828872,
Lan,Ycsb,Big,40,25823600,
Lan,Ycsb,Big,40,25824028,
Lan,Ycsb,Big,40,25825324,
Lan,Ycsb,Big,40,25824452,
Lan,Ycsb,Big,40,25823832,
Lan,Ycsb,Big,40,25819312,
Lan,Ycsb,Big,40,25828244,
Lan,Ycsb,Big,40,25829120,
Lan,Ycsb,Big,40,25824136,
Lan,Ycsb,Big,40,25824624,
Lan,Ycsb,Big,40,25824880,
Lan,Ycsb,Big,40,25826176,
Lan,Ycsb,Big,40,25827996,
Lan,Ycsb,Big,40,25824784,
Lan,Ycsb,Big,40,25822908,
Lan,Ycsb,Big,40,25818876,
Lan,Ycsb,Big,40,25827572,
Lan,Ycsb,Big,40,25824144,
Lan,Ycsb,Big,40,25819068,
,,,,,"APP: Ycsb, STORAGE: Big, SHARDING: Sharding { num_shards: 1, num_shard_faulty_nodes: 8 }, NETWORK: Lan, NUM_CONCURRENT: 15000, CACHE_SIZE: 4000000, THETA: 1.24, READ_RATIO: 0.95, NUM_KEYS: 100000000 ",true
Lan,Ycsb,Big,25,41003748,
Lan,Ycsb,Big,25,41004512,
Lan,Ycsb,Big,25,41009168,
Lan,Ycsb,Big,25,41005764,
Lan,Ycsb,Big,25,41004216,
Lan,Ycsb,Big,25,41003744,
Lan,Ycsb,Big,25,41003880,
Lan,Ycsb,Big,25,41000708,
Lan,Ycsb,Big,25,40995580,
Lan,Ycsb,Big,25,41004120,
Lan,Ycsb,Big,25,40994372,
Lan,Ycsb,Big,25,41007784,
Lan,Ycsb,Big,25,40995676,
Lan,Ycsb,Big,25,41009816,
Lan,Ycsb,Big,25,41005124,
Lan,Ycsb,Big,25,41000536,
Lan,Ycsb,Big,25,40997648,
,,,,,"APP: Ycsb, STORAGE: Big, SHARDING: Sharding { num_shards: 1, num_shard_faulty_nodes: 3 }, NETWORK: Lan, NUM_CONCURRENT: 15000, CACHE_SIZE: 4000000, THETA: 1.24, READ_RATIO: 0.95, NUM_KEYS: 100000000 ",true
Lan,Ycsb,Big,10,99743404,
Lan,Ycsb,Big,10,99741720,
Lan,Ycsb,Big,10,99738336,
Lan,Ycsb,Big,10,99731604,
Lan,Ycsb,Big,10,99732848,
Lan,Ycsb,Big,10,99739780,
Lan,Ycsb,Big,10,99736004,
,,,,,"APP: Ycsb, STORAGE: Big, SHARDING: Sharding { num_shards: 1, num_shard_faulty_nodes: 1 }, NETWORK: Lan, NUM_CONCURRENT: 15000, CACHE_SIZE: 4000000, THETA: 1.24, READ_RATIO: 0.95, NUM_KEYS: 100000000 ",true
Lan,Ycsb,Big,4,156711260,
Lan,Ycsb,Big,4,156711240,
Lan,Ycsb,Big,4,156711272,
