network,app,setting,tput,p50,p99,_notes,_ignore
,,,,,,"APP: Utxo, STORAGE: Big, SHARDING: Sharding { num_shards: 1, num_shard_faulty_nodes: 33 }, NETWORK: Lan, NUM_CONCURRENT: 6000, CACHE_SIZE: 4000000, THETA: 1.24, READ_RATIO: 0.95, NUM_KEYS: 100000000 ",true
Lan,Utxo,Big,14.130654570556908,0.069140479,0.124125183,"concurrent = 0"
Lan,Utxo,Big,23350.766736022375,0.081657855,0.144834559,"concurrent = 100"
Lan,Utxo,Big,59175.07288740629,0.096206847,0.173801471,"concurrent = 300"
Lan,Utxo,Big,87762.62406869573,0.133693439,0.226230271,"concurrent = 600"
Lan,Utxo,Big,105831.7782217767,0.182059007,0.573571071,"concurrent = 1000"
Lan,Utxo,Big,127359.48332430876,0.303038463,1.123024895,"concurrent = 2000"
Lan,Utxo,Big,137435.1959598751,0.420216831,1.266679807,"concurrent = 3000"
Lan,Utxo,Big,160159.96370153574,0.479199231,1.363148799,"concurrent = 4000"
Lan,Utxo,Big,154651.1244818296,0.632291327,1.493172223,"concurrent = 5000"
,,,,,,"APP: Utxo, STORAGE: Big, SHARDING: Sharding { num_shards: 1, num_shard_faulty_nodes: 33 }, NETWORK: Wan, NUM_CONCURRENT: 60000, CACHE_SIZE: 4000000, THETA: 1.24, READ_RATIO: 0.95, NUM_KEYS: 100000000 ",true

Wan,Utxo,Big,0.19952418231857638,5.444206591,5.444206591,"concurrent = 0"
Wan,Utxo,Big,19890.256649065494,5.444206591,5.565841407,"concurrent = 5000"
Wan,Utxo,Big,33346.935201818545,5.448400895,5.704253439,"concurrent = 10000"
Wan,Utxo,Big,76862.25157136815,5.440012287,6.702497791,"concurrent = 20000"
Wan,Utxo,Big,106889.00889736912,8.233418751,9.009364991,"concurrent = 40000"
Wan,Utxo,Big,151310.99967298756,8.493465599,20.367540223,"concurrent = 60000"
Wan,Utxo,Big,143373.353288321,10.208935935,26.407337983,"concurrent = 80000"
Wan,Utxo,Big,116167.71320274775,25.316818943,31.608274943,"concurrent = 100000"
Wan,Utxo,Big,77139.12730154523,32.430358527,48.318382079,"concurrent = 150000"

,,,,,,"APP: Utxo, STORAGE: Full, SHARDING: Sharding { num_shards: 1, num_shard_faulty_nodes: 33 }, NETWORK: Lan, NUM_CONCURRENT: 5000, CACHE_SIZE: 4000000, THETA: 1.24, READ_RATIO: 0.95, NUM_KEYS: 100000000 ",true
Lan,Utxo,Full,14.233132371576072,0.068616191,0.126222335,"concurrent = 0"
Lan,Utxo,Full,18859.388541302138,0.105119743,0.146276351,"concurrent = 100"
Lan,Utxo,Full,42795.16864153483,0.138280959,0.193462271,"concurrent = 300"
Lan,Utxo,Full,49654.59542387584,0.242614271,0.309854207,"concurrent = 600"
Lan,Utxo,Full,58372.34798145518,0.338427903,0.506200063,"concurrent = 1000"
Lan,Utxo,Full,63005.04705445018,0.646447103,0.940048383,"concurrent = 2000"
Lan,Utxo,Full,58786.713863515666,1.400897535,1.692401663,"concurrent = 4000"
Lan,Utxo,Full,60222.68995374367,1.998585855,2.7472691190000003,"concurrent = 6000"
,,,,,,"APP: Utxo, STORAGE: Full, SHARDING: Sharding { num_shards: 10, num_shard_faulty_nodes: 3 }, NETWORK: Lan, NUM_CONCURRENT: 3000, CACHE_SIZE: 4000000, THETA: 0.99, READ_RATIO: 0.95, NUM_KEYS: 100000000 ",true
Lan,Utxo,Sharded,6.651406810949064,0.081199103,0.137232383,"concurrent = 0"
Lan,Utxo,Sharded,12719.704486773486,0.078643199,0.143261695,"concurrent = 100"
Lan,Utxo,Sharded,33958.424565512956,0.088539135,0.158597119,"concurrent = 300"
Lan,Utxo,Sharded,58338.22110495758,0.101646335,0.162922495,"concurrent = 600"
Lan,Utxo,Sharded,84876.81708092266,0.115802111,0.181796863,"concurrent = 1000"
Lan,Utxo,Sharded,142919.4494435527,0.208666623,0.283115519,"concurrent = 3000"
Lan,Utxo,Sharded,176997.31799039838,0.335282175,0.446693375,"concurrent = 6000"
Lan,Utxo,Sharded,189674.21338355436,0.521666559,0.636485631,"concurrent = 10000"
Lan,Utxo,Sharded,195821.64403303896,0.602931199,0.708313087,"concurrent = 12000"
Lan,Utxo,Sharded,204160.39574764238,0.939524095,1.152385023,"concurrent = 20000"
Lan,Utxo,Sharded,223326.87219008317,1.325400063,1.622147071,"concurrent = 30000"
Lan,Utxo,Sharded,239462.3328079818,1.6997416950000002,2.063597567,"concurrent = 40000"

,,,,,,"APP: Utxo, STORAGE: Full, SHARDING: Sharding { num_shards: 1, num_shard_faulty_nodes: 33 }, NETWORK: Wan, NUM_CONCURRENT: 40000, CACHE_SIZE: 4000000, THETA: 1.24, READ_RATIO: 0.95, NUM_KEYS: 100000000 ",true
Wan,Utxo,Full,0.19951244785325778,5.444206591,5.448400895,"concurrent = 0"
Wan,Utxo,Full,3966.205296419825,5.444206591,5.553258495,"concurrent = 1000"
Wan,Utxo,Full,17045.406510397934,5.435817983,5.834276863,"concurrent = 5000"
Wan,Utxo,Full,33248.946729504176,5.4567895029999995,6.824132607,"concurrent = 10000"
Wan,Utxo,Full,70894.28420342327,5.469372415,7.583301631,"concurrent = 20000"
Wan,Utxo,Full,82280.65432927314,9.688842239,21.743271935,"concurrent = 40000"
Wan,Utxo,Full,79564.1723361654,16.030629887,26.658996223,"concurrent = 60000"
,,,,,,"APP: Utxo, STORAGE: Full, SHARDING: Sharding { num_shards: 10, num_shard_faulty_nodes: 3 }, NETWORK: Wan, NUM_CONCURRENT: 3000, CACHE_SIZE: 4000000, THETA: 0.99, READ_RATIO: 0.95, NUM_KEYS: 100000000 ",true
Wan,Utxo,Sharded,0.099768362388922,5.435817983,5.448400895,"concurrent = 0"
Wan,Utxo,Sharded,9856.341967452026,5.435817983,5.544869887,"concurrent = 5000"
Wan,Utxo,Sharded,19753.764069936602,5.419040767,5.570035711,"concurrent = 10000"
Wan,Utxo,Sharded,39591.98251200851,5.377097727,5.611978751,"concurrent = 20000"
Wan,Utxo,Sharded,79498.7064112189,5.402263551,5.637144575,"concurrent = 40000"
Wan,Utxo,Sharded,119408.21630830839,5.377097727,7.784628223,"concurrent = 60000"
Wan,Utxo,Sharded,152953.28120268448,5.410652159,8.099201022999999,"concurrent = 80000"
Wan,Utxo,Sharded,171808.31837770436,5.490343935,8.279556095,"concurrent = 100000"
Wan,Utxo,Sharded,199107.86332231804,6.329204735,8.984199167,"concurrent = 150000"
Wan,Utxo,Sharded,210902.11564454067,8.275361791,14.159970303,"concurrent = 200000"
Wan,Utxo,Sharded,265978.5542376057,11.081351167,17.037262847,"concurrent = 300000"

,,,,,,"APP: Ycsb, STORAGE: Full, SHARDING: Sharding { num_shards: 1, num_shard_faulty_nodes: 33 }, NETWORK: Lan, NUM_CONCURRENT: 8000, CACHE_SIZE: 4000000, THETA: 1.24, READ_RATIO: 0.95, NUM_KEYS: 100000000 ",true
Lan,Ycsb,Full,11.5723673250156,0.086704127,0.149159935,"concurrent = 0"
Lan,Ycsb,Full,2314.3321047705626,0.088276991,0.139722751,"concurrent = 10"
Lan,Ycsb,Full,10115.9392030904,0.097517567,0.148373503,"concurrent = 50"
Lan,Ycsb,Full,18093.25799688383,0.106168319,0.158466047,"concurrent = 100"
Lan,Ycsb,Full,45256.565281827236,0.129957887,0.196083711,"concurrent = 300"
Lan,Ycsb,Full,76871.87823955217,0.155975679,0.227016703,"concurrent = 600"
Lan,Ycsb,Full,110895.17139861063,0.183369727,0.259784703,"concurrent = 1000"
Lan,Ycsb,Full,221084.10549735895,0.272367615,0.372768767,"concurrent = 3000"
Lan,Ycsb,Full,258637.2260059497,0.478412799,0.619708415,"concurrent = 6000"
Lan,Ycsb,Full,287610.44770928693,0.707264511,0.948436991,"concurrent = 10000"
Lan,Ycsb,Full,307627.2340519657,0.978321407,1.2677283830000001,"concurrent = 15000"
,,,,,,"APP: Ycsb, STORAGE: Full, SHARDING: Sharding { num_shards: 10, num_shard_faulty_nodes: 3 }, NETWORK: Lan, NUM_CONCURRENT: 30000, CACHE_SIZE: 4000000, THETA: 1.24, READ_RATIO: 0.95, NUM_KEYS: 100000000 ",true
Lan,Ycsb,Sharded,12.537007247621212,0.075825151,0.142868479,"concurrent = 0"
Lan,Ycsb,Sharded,12011.279105676678,0.078315519,0.140509183,"concurrent = 50"
Lan,Ycsb,Sharded,23311.462519548946,0.081068031,0.149159935,"concurrent = 100"
Lan,Ycsb,Sharded,100640.54376211179,0.097517567,0.153354239,"concurrent = 500"
Lan,Ycsb,Sharded,169735.49975076015,0.116064255,0.165019647,"concurrent = 1000"
Lan,Ycsb,Sharded,555117.4328353262,0.176160767,0.275251199,"concurrent = 5000"
Lan,Ycsb,Sharded,709919.0210083235,0.272629759,0.451674111,"concurrent = 10000"
Lan,Ycsb,Sharded,674405.0971574069,0.446431231,0.686817279,"concurrent = 15000"
Lan,Ycsb,Sharded,722785.723021926,0.560463871,0.857210879,"concurrent = 20000"
Lan,Ycsb,Sharded,751268.8468776478,0.671088639,1.025507327,"concurrent = 25000"
Lan,Ycsb,Sharded,724228.6737010021,0.827850751,1.257242623,"concurrent = 30000"
,,,,,,"APP: Ycsb, STORAGE: Full, SHARDING: Sharding { num_shards: 1, num_shard_faulty_nodes: 33 }, NETWORK: Wan, NUM_CONCURRENT: 3000, CACHE_SIZE: 4000000, THETA: 1.24, READ_RATIO: 0.95, NUM_KEYS: 100000000 ",true
Wan,Ycsb,Full,0.1995127119413185,5.444206591,5.448400895,"concurrent = 0"
Wan,Ycsb,Full,39899.09365718256,5.435817983,5.683281919,"concurrent = 10000"
Wan,Ycsb,Full,114210.96125525793,5.452595199,5.939134463,"concurrent = 30000"
Wan,Ycsb,Full,160161.44069095262,8.145338367,9.554624511,"concurrent = 60000"
Wan,Ycsb,Full,245236.21589818646,8.396996607,10.695475199,"concurrent = 100000"
Wan,Ycsb,Full,293918.1924084675,9.546235903,12.935233535,"concurrent = 130000"
Wan,Ycsb,Full,293703.67854944005,10.208935935,12.691963903,"concurrent = 160000"
Wan,Ycsb,Full,322745.3183197343,12.037652479,16.030629887,"concurrent = 200000"
Wan,Ycsb,Full,329617.13843019,18.941476863,27.447525375,"concurrent = 300000"

,,,,,,"APP: Ycsb, STORAGE: Full, SHARDING: Sharding { num_shards: 10, num_shard_faulty_nodes: 3 }, NETWORK: Wan, NUM_CONCURRENT: 500000, CACHE_SIZE: 4000000, THETA: 1.24, READ_RATIO: 0.95, NUM_KEYS: 100000000 ",true
Wan,Ycsb,Sharded,0.19952848799143671,5.389680639,5.553258495,"concurrent = 0"
Wan,Ycsb,Sharded,39669.542452851434,5.444206591,5.683281919,"concurrent = 10000"
Wan,Ycsb,Sharded,120917.28079403621,5.444206591,5.922357247,"concurrent = 30000"
Wan,Ycsb,Sharded,223965.48601872614,5.452595199,5.972688895,"concurrent = 60000"
Wan,Ycsb,Sharded,361224.965982178,5.465178111,6.266290175,"concurrent = 100000"
Wan,Ycsb,Sharded,511857.2489954325,8.086618111,9.009364991,"concurrent = 200000"
Wan,Ycsb,Sharded,511915.6155112926,11.433672703,13.916700671,"concurrent = 300000"
Wan,Ycsb,Sharded,511869.7834088269,16.148070399,21.189623807,"concurrent = 400000"
,,,,,,"APP: Ycsb, STORAGE: Big, SHARDING: Sharding { num_shards: 1, num_shard_faulty_nodes: 33 }, NETWORK: Lan, NUM_CONCURRENT: 20000, CACHE_SIZE: 4000000, THETA: 1.24, READ_RATIO: 0.95, NUM_KEYS: 100000000 ",true
Lan,Ycsb,Big,14.698633668148771,0.067567615,0.115605503,"concurrent = 0"
Lan,Ycsb,Big,19935.46411807831,0.098631679,0.177209343,"concurrent = 100"
Lan,Ycsb,Big,133396.85240945985,0.148766719,0.219021311,"concurrent = 1000"
Lan,Ycsb,Big,238787.27124648532,0.250085375,0.331874303,"concurrent = 3000"
Lan,Ycsb,Big,296835.0660702643,0.400031743,0.533725183,"concurrent = 6000"
Lan,Ycsb,Big,307842.97534551297,0.654311423,0.905445375,"concurrent = 10000"
Lan,Ycsb,Big,311868.6908036181,0.828899327,1.1020533750000001,"concurrent = 13000"
Lan,Ycsb,Big,320222.832154935,0.999817215,1.326448639,"concurrent = 16000"
Lan,Ycsb,Big,332848.8635103778,1.210056703,1.580204031,"concurrent = 20000"
,,,,,,"APP: Ycsb, STORAGE: Big, SHARDING: Sharding { num_shards: 1, num_shard_faulty_nodes: 33 }, NETWORK: Wan, NUM_CONCURRENT: 20000, CACHE_SIZE: 4000000, THETA: 1.24, READ_RATIO: 0.95, NUM_KEYS: 100000000 ",true
Wan,Ycsb,Big,0.19947194804511512,5.440012287,5.444206591,"concurrent = 0"
Wan,Ycsb,Big,39901.14404578551,5.444206591,5.653921791,"concurrent = 10000"
Wan,Ycsb,Big,107825.86485097605,5.448400895,5.796528127,"concurrent = 30000"
Wan,Ycsb,Big,160155.32082318587,8.124366847,9.261023231,"concurrent = 60000"
Wan,Ycsb,Big,246180.02026638752,8.225030143,9.789505535,"concurrent = 100000"
Wan,Ycsb,Big,318660.6496514447,9.453961215,12.633243647,"concurrent = 150000"
Wan,Ycsb,Big,330933.28259254614,11.928600575,13.430161407,"concurrent = 200000"
Wan,Ycsb,Big,350661.667655082,17.616076799,21.994930175,"concurrent = 300000"
